{"cameraMode":{"drawMode":0,"name":"Shaded","section":"Shading Mode"},"sceneLighting":true,"audioPlay":false,"sceneViewState":{"showFog":true,"showMaterialUpdate":false,"showSkybox":false,"showFlares":true,"showImageEffects":true,"showParticleSystems":true},"in2DMode":false,"pivot":{"x":2.9756438732147219,"y":-2.0353336334228517,"z":17.09148597717285},"rotation":{"x":0.010498118586838246,"y":0.01799796335399151,"z":-0.00018898761481978,"w":0.999782919883728},"size":47.91267395019531,"orthographic":false}