{"cameraMode":{"drawMode":0,"name":"Shaded","section":"Shading Mode"},"sceneLighting":false,"audioPlay":false,"sceneViewState":{"showFog":true,"showMaterialUpdate":false,"showSkybox":false,"showFlares":true,"showImageEffects":true,"showParticleSystems":true},"in2DMode":false,"pivot":{"x":-6.159827709197998,"y":3.7238311767578127,"z":33.206459045410159},"rotation":{"x":-0.20036423206329347,"y":0.10031942278146744,"z":-0.02062920108437538,"w":-0.9743534922599793},"size":76.13946533203125,"orthographic":false}