{"cameraMode":{"drawMode":0,"name":"Shaded","section":"Shading Mode"},"sceneLighting":false,"audioPlay":false,"sceneViewState":{"showFog":true,"showMaterialUpdate":false,"showSkybox":false,"showFlares":true,"showImageEffects":true,"showParticleSystems":true},"in2DMode":false,"pivot":{"x":0.1412135362625122,"y":2.8045122623443605,"z":-1.2912211418151856},"rotation":{"x":0.053935833275318149,"y":0.03743559122085571,"z":0.0020235180854797365,"w":-0.997840404510498},"size":8.055395126342774,"orthographic":false}